test_instance_id,sigma_squared,uncertainty_stratum
529,0.003544485,HIGH
850,0.00207581,HIGH
905,0.0018347801,HIGH
1029,0.0025683686,HIGH
1041,0.0018428537,HIGH
1148,0.003343003,HIGH
1534,0.0024292986,HIGH
1923,0.0018132821,HIGH
2049,0.0024297782,HIGH
2147,0.0028104163,HIGH
2216,0.005180365,HIGH
2276,0.0024655822,HIGH
2698,0.002917192,HIGH
2877,0.0028956842,HIGH
3105,0.0035026746,HIGH
3227,0.003202701,HIGH
3681,0.0022297576,HIGH
4423,0.00214456,HIGH
4814,0.002752987,HIGH
4914,0.002019463,HIGH
5270,0.0020723217,HIGH
5467,0.0020577158,HIGH
5686,0.002881771,HIGH
5860,0.002165618,HIGH
6084,0.002338271,HIGH
6129,0.002498665,HIGH
6317,0.0019943614,HIGH
6712,0.0029050305,HIGH
6766,0.0028202746,HIGH
6941,0.002237073,HIGH
7084,0.0020228324,HIGH
7345,0.002085691,HIGH
7434,0.001920471,HIGH
7441,0.0021282178,HIGH
7465,0.002608656,HIGH
7531,0.0022962608,HIGH
7610,0.0023126726,HIGH
7786,0.0023877248,HIGH
8060,0.0022201543,HIGH
8334,0.0020731587,HIGH
8489,0.0022415912,HIGH
8550,0.004083573,HIGH
8605,0.0019517846,HIGH
8964,0.001982924,HIGH
9008,0.0021482534,HIGH
9096,0.002173777,HIGH
9471,0.0028052125,HIGH
9796,0.0020464223,HIGH
10185,0.002010685,HIGH
10362,0.0037796001,HIGH
10526,0.0042868895,HIGH
10737,0.002853331,HIGH
10756,0.002188509,HIGH
10894,0.0023060679,HIGH
11000,0.0024582404,HIGH
11114,0.0043069553,HIGH
11332,0.0025060277,HIGH
11705,0.0037619441,HIGH
11843,0.0019848745,HIGH
11992,0.0021552413,HIGH
12007,0.00197837,HIGH
12255,0.0020455658,HIGH
12333,0.0026367723,HIGH
13208,0.001959203,HIGH
13830,0.0019294453,HIGH
13871,0.0022722236,HIGH
14510,0.0018146412,HIGH
14822,0.0026827639,HIGH
14925,0.0026997505,HIGH
15352,0.002560997,HIGH
15364,0.0023928597,HIGH
15567,0.0030312573,HIGH
16228,0.0023505792,HIGH
16254,0.005015005,HIGH
16255,0.001922517,HIGH
16283,0.0020822661,HIGH
16508,0.0030179943,HIGH
16710,0.0018048171,HIGH
16768,0.0018087409,HIGH
17024,0.001841489,HIGH
17124,0.0032563584,HIGH
17569,0.0018980097,HIGH
17581,0.0019474633,HIGH
17899,0.0021091937,HIGH
17943,0.0021397742,HIGH
18002,0.0020829765,HIGH
18059,0.0018094414,HIGH
18507,0.0019142168,HIGH
18574,0.0025823098,HIGH
18656,0.0025754839,HIGH
18770,0.0026280263,HIGH
19199,0.0048251846,HIGH
19302,0.0028651548,HIGH
19327,0.0025282227,HIGH
19546,0.002072223,HIGH
20030,0.0028809155,HIGH
20156,0.0018412351,HIGH
20310,0.0022861576,HIGH
20450,0.0033617355,HIGH
20473,0.0024456726,HIGH
20696,0.0019598193,HIGH
20810,0.002009336,HIGH
20918,0.002399764,HIGH
21361,0.004983044,HIGH
21703,0.0020146368,HIGH
21741,0.0024078388,HIGH
21856,0.0035245204,HIGH
21940,0.006391726,HIGH
22100,0.0035242995,HIGH
22612,0.0018531425,HIGH
22968,0.0023505345,HIGH
23661,0.0021690456,HIGH
23870,0.001960469,HIGH
24012,0.0019176409,HIGH
24151,0.0018182491,HIGH
24190,0.0029919283,HIGH
24207,0.001975076,HIGH
24341,0.0048800968,HIGH
24352,0.0033243308,HIGH
24393,0.001925097,HIGH
24424,0.0027035142,HIGH
24474,0.002263314,HIGH
24487,0.002958457,HIGH
24539,0.0060969647,HIGH
24684,0.0044419896,HIGH
24695,0.0032296188,HIGH
24869,0.0026041954,HIGH
24897,0.0023101866,HIGH
25089,0.0026048156,HIGH
25222,0.0018925719,HIGH
25400,0.0024915277,HIGH
25596,0.002442023,HIGH
26014,0.0024348218,HIGH
26073,0.0034345698,HIGH
26084,0.003010737,HIGH
26166,0.001978393,HIGH
26247,0.0031150721,HIGH
26302,0.0019864803,HIGH
26607,0.0019328878,HIGH
26861,0.0018704569,HIGH
26884,0.0023533166,HIGH
27121,0.0021364077,HIGH
27723,0.001876686,HIGH
27790,0.0035770265,HIGH
27950,0.0051624225,HIGH
28704,0.0020123334,HIGH
28839,0.0018024433,HIGH
29526,0.0028924725,HIGH
29544,0.0024058053,HIGH
29683,0.0020434149,HIGH
29960,0.0025416443,HIGH
29961,0.004408318,HIGH
30007,0.0024449395,HIGH
30011,0.0025308065,HIGH
30128,0.002273199,HIGH
30147,0.0021046158,HIGH
30154,0.0024960344,HIGH
30313,0.0024946544,HIGH
30541,0.0018780134,HIGH
30556,0.0030832444,HIGH
30620,0.0031216457,HIGH
30743,0.0021858786,HIGH
30855,0.0023096649,HIGH
30986,0.0031757804,HIGH
31172,0.0030368713,HIGH
31366,0.0028509367,HIGH
31456,0.0018011691,HIGH
31571,0.0027655638,HIGH
31741,0.002504022,HIGH
31897,0.0020750768,HIGH
31953,0.0022606968,HIGH
31966,0.0018623587,HIGH
32009,0.0026353262,HIGH
32228,0.0031588874,HIGH
32641,0.0021028728,HIGH
32912,0.0018449804,HIGH
33511,0.0023831157,HIGH
33665,0.0021285415,HIGH
33710,0.0025797263,HIGH
33806,0.0019773752,HIGH
33999,0.004023723,HIGH
34351,0.001982026,HIGH
35002,0.002314954,HIGH
35063,0.0024357322,HIGH
35345,0.0061027324,HIGH
35397,0.0036033501,HIGH
35573,0.0022020792,HIGH
35828,0.0021073718,HIGH
35919,0.0022813613,HIGH
35976,0.0028708482,HIGH
35985,0.0072461828,HIGH
36124,0.001953452,HIGH
36132,0.007962513,HIGH
36355,0.0031894054,HIGH
36635,0.0021657145,HIGH
36689,0.0019383072,HIGH
37207,0.0021331604,HIGH
37370,0.0020960749,HIGH
37725,0.0021161581,HIGH
37775,0.0025405802,HIGH
481,0.00074822956,LOW
860,0.0009853633,LOW
904,3.3460652e-05,LOW
1073,0.0001025785,LOW
1087,0.0010010562,LOW
1223,0.00026254682,LOW
1641,0.0010102596,LOW
1957,0.00014118353,LOW
2014,0.00087444164,LOW
2130,0.00049659755,LOW
2231,0.00016849882,LOW
2265,0.0006747049,LOW
2638,0.00033063447,LOW
2887,9.0070125e-06,LOW
3102,0.0007676697,LOW
3241,0.00093295926,LOW
3649,0.000957285,LOW
4240,0.0003289152,LOW
4623,0.00066042435,LOW
4697,0.00070992217,LOW
5060,0.0007696445,LOW
5303,0.0008440509,LOW
5556,0.0009839511,LOW
5723,0.00044360038,LOW
5934,0.00082369766,LOW
5982,2.288682e-06,LOW
6222,0.00049468264,LOW
6664,0.0008524466,LOW
6718,1.3803509e-05,LOW
6878,0.00035539444,LOW
6995,1.5344054e-05,LOW
7303,0.00089574646,LOW
7392,0.0008370414,LOW
7409,0.00089449243,LOW
7429,0.00082137965,LOW
7500,0.00037116406,LOW
7578,8.8766334e-05,LOW
7777,0.0007773556,LOW
8091,0.0009577732,LOW
8282,0.0004247927,LOW
8421,7.358938e-05,LOW
8482,0.00014859822,LOW
8534,0.00022586278,LOW
8903,0.0005900273,LOW
8956,0.0007412136,LOW
9097,0.0003375111,LOW
9450,0.00072257424,LOW
9823,0.00037796044,LOW
10153,4.4569344e-05,LOW
10370,0.00027441632,LOW
10477,0.00054756313,LOW
10655,0.000989787,LOW
10678,0.0009886393,LOW
10779,0.0001637704,LOW
10890,0.00021970407,LOW
10966,0.0009285295,LOW
11179,0.00021572766,LOW
11571,0.0005335547,LOW
11706,0.000980261,LOW
11827,0.0007204768,LOW
11840,0.00051815674,LOW
12046,0.00019309019,LOW
12137,0.0008168722,LOW
12992,0.00077629974,LOW
13631,0.00018769446,LOW
13675,8.56692e-05,LOW
14352,0.0008063097,LOW
14603,0.00038375845,LOW
14710,0.0006759243,LOW
15122,0.00072132057,LOW
15135,0.00075529836,LOW
15314,0.0010029665,LOW
15871,0.00095271936,LOW
15892,0.00015831654,LOW
15894,5.3993263e-05,LOW
15930,0.00046767623,LOW
16138,0.00014499474,LOW
16335,0.00068969023,LOW
16397,4.023682e-05,LOW
16621,9.634587e-05,LOW
16707,0.0008200367,LOW
17121,0.0005829533,LOW
17142,0.00065980473,LOW
17411,0.00031031933,LOW
17468,0.0003256171,LOW
17551,2.8991515e-05,LOW
17603,0.00041566347,LOW
18042,0.0006543935,LOW
18089,4.02762e-06,LOW
18155,9.496743e-05,LOW
18251,0.00012281894,LOW
18640,0.0003700405,LOW
18731,0.00029165504,LOW
18747,0.00097025494,LOW
18933,0.00056282093,LOW
19424,0.00018543309,LOW
19558,0.00021691994,LOW
19769,0.0008685574,LOW
19929,0.00034038787,LOW
19943,0.00091393775,LOW
20198,0.0009630638,LOW
20332,0.00071988074,LOW
20454,0.00057864434,LOW
20866,0.00044644275,LOW
21142,0.0009406053,LOW
21178,0.0008712068,LOW
21326,0.00072155934,LOW
21403,0.0010195776,LOW
21574,0.00037876127,LOW
22087,2.423077e-05,LOW
22413,0.0009843983,LOW
23155,0.00043736532,LOW
23414,0.00038646453,LOW
23578,0.0002267142,LOW
23727,0.00037625324,LOW
23761,0.0008365822,LOW
23774,0.00019044739,LOW
23952,0.00014614676,LOW
23972,6.1027804e-06,LOW
24016,0.00038604296,LOW
24036,0.00084237027,LOW
24100,0.00031690006,LOW
24113,0.0009822247,LOW
24184,0.00037369292,LOW
24314,0.000760899,LOW
24336,0.00053266843,LOW
24534,0.0009876594,LOW
24550,0.0007992495,LOW
24815,6.36474e-05,LOW
24951,0.00020579356,LOW
25146,0.00014274579,LOW
25351,0.0003667384,LOW
25773,0.0004585723,LOW
25818,0.000414496,LOW
25830,0.00093853474,LOW
25921,0.0005651496,LOW
25996,0.0008419335,LOW
26037,0.00021391569,LOW
26404,0.0009308114,LOW
26673,4.4793996e-05,LOW
26703,0.00011377644,LOW
26925,7.732992e-05,LOW
27563,0.0005517669,LOW
27619,6.407454e-06,LOW
27779,0.0008046849,LOW
28530,0.0009783601,LOW
28693,0.0005408027,LOW
29428,0.00022813916,LOW
29443,2.9064753e-05,LOW
29555,0.00039543293,LOW
29935,0.00040434024,LOW
29937,0.0005744215,LOW
29984,0.0008812418,LOW
29986,0.00035211386,LOW
30152,0.00076781464,LOW
30179,0.0009893848,LOW
30191,0.0007726838,LOW
30358,0.0008031103,LOW
30596,0.0003979751,LOW
30619,0.00039908107,LOW
30672,0.0009268718,LOW
30753,0.00050099974,LOW
30825,3.402343e-05,LOW
30944,0.00028385452,LOW
31080,8.76495e-05,LOW
31318,3.5739937e-05,LOW
31405,3.740097e-05,LOW
31556,0.00054327643,LOW
31752,3.894735e-05,LOW
31903,4.8723385e-05,LOW
31959,0.00039969847,LOW
31970,0.00079044973,LOW
32033,0.0006777869,LOW
32258,0.00060846674,LOW
32627,0.0009984737,LOW
32900,0.00023765051,LOW
33489,0.0003577109,LOW
33662,8.617554e-05,LOW
33717,0.0008938246,LOW
33820,0.00012226598,LOW
33985,3.8660073e-05,LOW
34370,4.6552188e-05,LOW
34954,0.00015672152,LOW
35043,0.00041863916,LOW
35244,0.0004281824,LOW
35297,0.00057991286,LOW
35507,0.00079005567,LOW
35819,0.0004955632,LOW
35916,0.00012306999,LOW
35967,0.0009424666,LOW
35983,0.00037555993,LOW
36139,5.075556e-05,LOW
36152,3.1514952e-05,LOW
36334,0.00018158744,LOW
36693,0.00030482083,LOW
36782,0.00097190595,LOW
37308,0.00039207374,LOW
37451,6.669294e-05,LOW
37798,2.0527525e-05,LOW
37842,0.00017218041,LOW
545,0.0016137914,MEDIUM
883,0.0012609772,MEDIUM
924,0.0016727211,MEDIUM
1084,0.0011914548,MEDIUM
1096,0.0012927921,MEDIUM
1219,0.001610014,MEDIUM
1648,0.0014695531,MEDIUM
2010,0.0015892526,MEDIUM
2103,0.0015523611,MEDIUM
2202,0.001547235,MEDIUM
2290,0.0010784226,MEDIUM
2333,0.0011027004,MEDIUM
2703,0.0015197315,MEDIUM
2966,0.0012152126,MEDIUM
3182,0.001650627,MEDIUM
3282,0.0012519968,MEDIUM
3799,0.0012613679,MEDIUM
4460,0.0015604007,MEDIUM
4900,0.0017618911,MEDIUM
4973,0.0011852903,MEDIUM
5378,0.0013616091,MEDIUM
5611,0.0012567106,MEDIUM
5818,0.0015476472,MEDIUM
5969,0.0013978546,MEDIUM
6135,0.0015734566,MEDIUM
6182,0.0012423089,MEDIUM
6373,0.0013197452,MEDIUM
6751,0.0013648126,MEDIUM
6783,0.0014196895,MEDIUM
6978,0.0015589084,MEDIUM
7113,0.0011798154,MEDIUM
7431,0.0011628954,MEDIUM
7524,0.0016014971,MEDIUM
7533,0.0012019394,MEDIUM
7562,0.0012988249,MEDIUM
7617,0.0012557625,MEDIUM
7706,0.0013926541,MEDIUM
7958,0.0012452746,MEDIUM
8292,0.0014817042,MEDIUM
8507,0.0016540405,MEDIUM
8678,0.0010841684,MEDIUM
8743,0.001618849,MEDIUM
8832,0.001401858,MEDIUM
9243,0.0014258146,MEDIUM
9297,0.001176272,MEDIUM
9444,0.0011013625,MEDIUM
9776,0.0012013025,MEDIUM
10143,0.0013786906,MEDIUM
10588,0.0010736571,MEDIUM
10765,0.0011017171,MEDIUM
10907,0.0015179999,MEDIUM
11078,0.0016323065,MEDIUM
11095,0.001480872,MEDIUM
11214,0.0012061691,MEDIUM
11303,0.001365051,MEDIUM
11368,0.0013329416,MEDIUM
11574,0.0016787535,MEDIUM
11923,0.0015207604,MEDIUM
12050,0.0011703183,MEDIUM
12189,0.0016238478,MEDIUM
12193,0.0012201869,MEDIUM
12394,0.0016445625,MEDIUM
12493,0.001103147,MEDIUM
13427,0.0010845242,MEDIUM
14161,0.0015927769,MEDIUM
14222,0.0010586515,MEDIUM
14960,0.0013173618,MEDIUM
15279,0.0010990341,MEDIUM
15412,0.0015950794,MEDIUM
15840,0.0015065596,MEDIUM
15854,0.0017580224,MEDIUM
16026,0.0012594602,MEDIUM
16609,0.001706919,MEDIUM
16643,0.0016132357,MEDIUM
16644,0.0012633373,MEDIUM
16669,0.0012127868,MEDIUM
16875,0.0012463424,MEDIUM
17079,0.0012493556,MEDIUM
17128,0.0017494595,MEDIUM
17365,0.0012124841,MEDIUM
17453,0.0016729761,MEDIUM
17854,0.0015923571,MEDIUM
17858,0.0013851975,MEDIUM
18191,0.0014195489,MEDIUM
18245,0.0013504503,MEDIUM
18296,0.0017396157,MEDIUM
18341,0.0013712859,MEDIUM
18761,0.0016387311,MEDIUM
18850,0.001156948,MEDIUM
18897,0.0017711916,MEDIUM
18984,0.0017056086,MEDIUM
19336,0.0014688274,MEDIUM
19432,0.0014106269,MEDIUM
19458,0.0016555001,MEDIUM
19662,0.0010548311,MEDIUM
20128,0.0015151936,MEDIUM
20279,0.0012058152,MEDIUM
20439,0.0015000986,MEDIUM
20597,0.0011718594,MEDIUM
20620,0.0013890098,MEDIUM
20861,0.0013750598,MEDIUM
21017,0.0017406777,MEDIUM
21126,0.0011421113,MEDIUM
21511,0.0010654868,MEDIUM
21858,0.0011854449,MEDIUM
21898,0.0015552847,MEDIUM
22020,0.0014295924,MEDIUM
22111,0.001478002,MEDIUM
22254,0.0013098158,MEDIUM
22791,0.0013156701,MEDIUM
23127,0.0014801933,MEDIUM
23836,0.0011225884,MEDIUM
24085,0.001449152,MEDIUM
24222,0.0010681236,MEDIUM
24358,0.001671157,MEDIUM
24391,0.001290226,MEDIUM
24415,0.0012864295,MEDIUM
24569,0.0015927154,MEDIUM
24580,0.0014479931,MEDIUM
24623,0.0016744824,MEDIUM
24646,0.0017125523,MEDIUM
24680,0.001327136,MEDIUM
24691,0.001587525,MEDIUM
24740,0.0011092345,MEDIUM
24876,0.0013100002,MEDIUM
24888,0.0012943248,MEDIUM
25068,0.0016288786,MEDIUM
25084,0.0011617746,MEDIUM
25281,0.0011541428,MEDIUM
25389,0.0016825558,MEDIUM
25548,0.0017458447,MEDIUM
25768,0.0016682007,MEDIUM
26174,0.0013451193,MEDIUM
26218,0.0016110282,MEDIUM
26236,0.0013077416,MEDIUM
26329,0.0012008302,MEDIUM
26421,0.0014471089,MEDIUM
26476,0.0011891917,MEDIUM
26818,0.001717905,MEDIUM
27081,0.0014543061,MEDIUM
27108,0.0015289497,MEDIUM
27359,0.0012865439,MEDIUM
27916,0.0013548662,MEDIUM
27977,0.0014996779,MEDIUM
28150,0.0015389634,MEDIUM
28865,0.0012499609,MEDIUM
29014,0.0015553423,MEDIUM
29682,0.0012840603,MEDIUM
29696,0.0013322155,MEDIUM
29820,0.0016520638,MEDIUM
30132,0.0013934271,MEDIUM
30136,0.0016255446,MEDIUM
30170,0.0011508273,MEDIUM
30171,0.0015457561,MEDIUM
30304,0.0012440337,MEDIUM
30334,0.0016213437,MEDIUM
30352,0.0011400573,MEDIUM
30508,0.0016445525,MEDIUM
30761,0.0017542765,MEDIUM
30789,0.0012510683,MEDIUM
30824,0.0016398147,MEDIUM
30925,0.0010890417,MEDIUM
31002,0.001425742,MEDIUM
31106,0.0014469128,MEDIUM
31307,0.0011163333,MEDIUM
31536,0.0015644361,MEDIUM
31622,0.0017551248,MEDIUM
31763,0.0010721359,MEDIUM
31972,0.0015161184,MEDIUM
32130,0.0014932561,MEDIUM
32199,0.0014884954,MEDIUM
32205,0.0011375659,MEDIUM
32254,0.0013934227,MEDIUM
32476,0.0016244935,MEDIUM
32853,0.0014383292,MEDIUM
33116,0.0010890277,MEDIUM
33668,0.0016777429,MEDIUM
33794,0.0012247199,MEDIUM
33844,0.0011119279,MEDIUM
33934,0.0010643159,MEDIUM
34137,0.0012734476,MEDIUM
34449,0.0015849825,MEDIUM
35088,0.001185998,MEDIUM
35167,0.0012151854,MEDIUM
35379,0.0012382616,MEDIUM
35430,0.0017203667,MEDIUM
35543,0.0017687349,MEDIUM
35856,0.0015238379,MEDIUM
35954,0.0010843044,MEDIUM
36000,0.0014706628,MEDIUM
36014,0.0010535461,MEDIUM
36146,0.0015144647,MEDIUM
36165,0.0010693651,MEDIUM
36312,0.0013975515,MEDIUM
36653,0.0017414285,MEDIUM
36730,0.0013252305,MEDIUM
37302,0.0012822131,MEDIUM
37494,0.0010339355,MEDIUM
37771,0.0017265611,MEDIUM
37820,0.0012087185,MEDIUM
